{"stats":{"minecraft:broken":{"aether:golden_gloves":1,"minecraft:iron_boots":1,"minecraft:iron_chestplate":1,"minecraft:iron_leggings":1,"minecraft:chainmail_boots":1,"minecraft:golden_leggings":2,"minecraft:golden_sword":4,"minecraft:diamond_chestplate":1,"minecraft:chainmail_leggings":1,"twilightforest:glass_sword":1,"minecraft:iron_pickaxe":1,"minecraft:iron_helmet":1},"minecraft:used":{"minecraft:moss_block":3,"biomesoplenty:redwood_leaves":22,"minecraft:moss_carpet":154,"minecraft:melon":7,"minecraft:spruce_slab":680,"blue_skies:brumble_lantern":1,"minecraft:poppy":14,"minecraft:suspicious_sand":22,"minecraft:donkey_spawn_egg":1,"betterend:gold_chandelier":4,"minecraft:stone":223,"quark:paper_lantern":1,"minecraft:rotten_flesh":5,"minecraft:iron_chestplate":3,"minecraft:mooshroom_spawn_egg":1,"minecraft:mutton":1,"quark:stone_brick_lamp":4,"minecraft:nether_bricks":42,"minecraft:allium":1,"minecraft:furnace_minecart":1,"galosphere:allurite_lamp":6,"minecraft:stripped_spruce_log":9,"minecraft:obsidian":15,"alexsmobs:potted_flutter":3,"minecraft:glass":17,"blue_skies:crystallized_leaves":4,"minecraft:mangrove_log":1,"quark:deepslate_furnace":1,"friendsandfoes:totem_of_illusion":3,"minecraft:grass_block":1212,"minecraft:lantern":106,"minecraft:panda_spawn_egg":1,"minecraft:iron_helmet":1,"quark:paper_lantern_sakura":2,"minecraft:cherry_leaves":11,"friendsandfoes:totem_of_freezing":2,"quark:blaze_lantern":1,"supplementaries:bomb_blue":12,"delightful:green_tea_leaf":2,"minecraft:golden_sword":136,"minecraft:bow":3,"betternether:nether_mushroom_ladder":8,"minecraft:written_book":5,"minecraft:furnace":2,"minecraft:pearlescent_froglight":19,"betternether:cincinnasite_pot":3,"cataclysm:void_lantern_block":1,"alexsmobs:spawn_egg_raccoon":1,"minecraft:cow_spawn_egg":40,"minecraft:birch_leaves":6,"minecraft:acacia_trapdoor":12,"minecraft:powered_rail":9,"minecraft:oak_planks":242,"minecraft:fox_spawn_egg":1,"biomesoplenty:glowflower":1,"blue_skies:different_sword":10,"blue_skies:maple_leaves":2,"minecraft:oak_leaves":2,"minecraft:glow_berries":6,"minecraft:white_wool":1,"minecraft:golden_apple":1,"mynethersdelight:bullet_pepper":7,"minecraft:dark_oak_trapdoor":64,"minecraft:sand":6,"quark:orange_blossom_hedge":1,"galosphere:chandelier":1,"minecraft:camel_spawn_egg":1,"minecraft:mule_spawn_egg":1,"minecraft:ochre_froglight":4,"quark:vertical_oak_planks":16,"blue_skies:moonstone_lantern":1,"minecraft:redstone_torch":1,"minecraft:lever":8,"minecraft:acacia_door":53,"supplementaries:stone_lamp":1,"minecraft:bread":8,"minecraft:barrier":20,"minecraft:verdant_froglight":16,"another_furniture:white_lamp":4,"twilightforest:naga_boss_spawner":3,"mynethersdelight:hoglin_loin":5,"minecraft:cat_spawn_egg":1,"minecraft:ocelot_spawn_egg":1,"minecraft:diamond_sword":737,"minecraft:chainmail_boots":1,"minecraft:stripped_oak_wood":16,"minecraft:dark_oak_fence":24,"minecraft:air":1,"minecraft:white_concrete":2,"minecraft:golden_pickaxe":11,"minecraft:oak_fence":28,"minecraft:oak_trapdoor":55,"galosphere:amethyst_lamp":3,"minecraft:netherite_sword":11,"quark:birch_chest":3,"minecraft:trader_llama_spawn_egg":1,"minecraft:flint_and_steel":18,"minecraft:redstone":4,"aether:cold_aercloud":2,"twilightforest:glass_sword":1,"minecraft:spruce_planks":160,"supplementaries:gravel_bricks":8,"minecraft:netherrack":1,"betterend:thallasium_anvil":16,"suppsquared:crimson_lantern":5,"minecraft:stick":1,"minecraft:torch":80,"minecraft:dirt":391,"minecraft:anvil":1,"minecraft:chainmail_chestplate":3,"minecraft:spruce_stairs":353,"minecraft:spruce_fence":102,"biomesoplenty:redwood_log":31,"minecraft:polished_diorite":17,"farmersdelight:rope":2,"minecraft:dark_oak_planks":3,"minecraft:flowering_azalea":8,"minecraft:sea_lantern":2,"minecraft:light_weighted_pressure_plate":9,"biomesoplenty:redwood_wood":48,"minecraft:iron_axe":273,"minecraft:oak_stairs":83,"supplementaries:end_stone_lamp":1,"minecraft:spawner":6,"minecraft:chicken_spawn_egg":11,"minecraft:iron_boots":1,"twilightforest:twilight_portal_miniature_structure":4,"minecraft:barrel":2,"netherexp:ghoul_o_lantern":5,"minecraft:golden_carrot":1,"minecraft:beef":22,"netherexp:soul_ghoul_o_lantern":3,"minecraft:minecart":1,"biomesoplenty:burning_blossom":1,"minecraft:enchanted_golden_apple":62,"minecraft:pumpkin":6,"mca:staff_of_life":1,"minecraft:iron_leggings":1,"quark:gold_button":2,"minecraft:water_bucket":58,"quark:duskbound_lantern":7,"minecraft:nether_brick_wall":6,"netherchested:nether_chest":2,"minecraft:birch_planks":266,"minecraft:glass_bottle":7,"minecraft:sheep_spawn_egg":1,"minecraft:spruce_sign":81,"minecraft:beacon":4,"minecraft:vindicator_spawn_egg":12,"minecraft:spruce_fence_gate":82,"minecraft:horse_spawn_egg":1,"netherexp:soul_jack_o_lantern":2,"supplementaries:deepslate_lamp":1,"minecraft:diamond_block":15,"minecraft:rabbit_spawn_egg":1,"minecraft:rail":34,"minecraft:polar_bear_spawn_egg":1,"minecraft:oak_slab":159,"minecraft:crafting_table":14,"supplementaries:bomb":12,"blue_skies:flare_floret":1,"minecraft:white_bed":26,"mynethersdelight:strider_egg":3,"minecraft:painting":9,"minecraft:spruce_log":87,"betterend:iron_chandelier":2,"delightful:mini_melon":1,"minecraft:dark_oak_door":12,"minecraft:flower_pot":11,"minecraft:ender_eye":98,"palegarden:pale_moss_block":4,"minecraft:diamond_pickaxe":398,"minecraft:command_block":2,"minecraft:pig_spawn_egg":1,"minecraft:oak_button":1,"minecraft:iron_pickaxe":407,"quark:spruce_post":19,"minecraft:spruce_trapdoor":241,"supplementaries:fire_pit":12,"minecraft:music_disc_blocks":2,"minecraft:golden_leggings":1,"minecraft:pink_petals":40,"minecraft:cobblestone":84,"minecraft:potion":10,"minecraft:porkchop":10,"minecraft:cooked_porkchop":1,"minecraft:bucket":20,"alexsmobs:spawn_egg_gazelle":1,"minecraft:glass_pane":198,"minecraft:yellow_bed":1,"galosphere:lumiere_lamp":2,"minecraft:goat_spawn_egg":1,"minecraft:stripped_oak_log":521,"minecraft:chainmail_leggings":1,"minecraft:dandelion":1,"minecraft:jukebox":1,"minecraft:birch_stairs":14,"blue_skies:snowbloom":1,"blue_skies:blush_blossom":1},"minecraft:picked_up":{"mynethersdelight:ghasta":8,"biomesoplenty:burning_blossom":1,"minecraft:wheat":1,"minecraft:lead":3,"twilightforest:naga_trophy":1,"minecraft:diamond_sword":1,"aether:iron_gloves":1,"minecraft:enchanted_book":2,"minecraft:potion":5,"minecraft:nether_brick":24,"spawnersplus:spawner_fragment":4,"minecraft:golden_sword":1,"minecraft:amethyst_block":29,"minecraft:string":24,"minecraft:raw_copper":2,"minecraft:red_nether_bricks":3,"minecraft:iron_leggings":2,"minecraft:shroomlight":1,"minecraft:diamond_leggings":1,"alexsmobs:blood_sac":1,"twigs:pebble":5,"minecraft:gold_nugget":144,"minecraft:cobbled_deepslate":174,"minecraft:bucket":1,"minecraft:spruce_planks":16,"delightful:acorn":5,"minecraft:redstone_torch":1,"minecraft:written_book":6,"minecraft:calcite":6,"minecraft:ender_eye":114,"aether_redux:vampire_amulet":1,"biomesoplenty:redwood_wood":68,"delightful:green_tea_leaf":7,"minecraft:stick":36,"minecraft:music_disc_blocks":1,"minecraft:jukebox":1,"minecraft:cyan_stained_glass":1,"minecraft:torch":99,"minecraft:porkchop":10,"minecraft:pointed_dripstone":1,"betternether:cincinnasite":9,"quark:lavender_blossom_sapling":1,"betternether:lapis_pile":30,"minecraft:gray_stained_glass_pane":1,"minecraft:stone_sword":1,"quark:clear_shard":14,"minecraft:rotten_flesh":56,"supplementaries:ash":25,"minecraft:blaze_rod":21,"minecraft:obsidian":18,"minecraft:cobblestone":165,"minecraft:birch_log":76,"minecraft:feather":8,"farmersdelight:rice":16,"minecraft:andesite":4,"minecraft:flint":1,"minecraft:lapis_lazuli":52,"minecraft:dirt":67,"minecraft:lantern":7,"minecraft:bone":29,"minecraft:bow":4,"delightful:mini_melon":1,"minecraft:wheat_seeds":82,"minecraft:raw_gold":18,"minecraft:rabbit":1,"minecraft:llama_spawn_egg":1,"minecraft:netherite_axe":1,"minecraft:mossy_stone_bricks":2,"minecraft:diamond_helmet":1,"minecraft:glowstone_dust":25,"minecraft:powered_rail":1,"galosphere:raw_silver":8,"twigs:twig":44,"minecraft:honeycomb":4,"minecraft:oak_planks":44,"minecraft:cooked_porkchop":5,"mynethersdelight:hoglin_loin":8,"minecraft:sand":19,"minecraft:nether_brick_stairs":4,"minecraft:grass_block":1,"minecraft:spectral_arrow":34,"minecraft:iron_hoe":1,"twilightforest:twilight_oak_sapling":1,"minecraft:diamond":21,"minecraft:polished_blackstone_pressure_plate":1,"waystones:waystone":1,"minecraft:horse_spawn_egg":1,"biomesoplenty:pink_daffodil":2,"minecraft:white_concrete":1,"minecraft:bone_meal":9,"alexsmobs:maggot":4,"minecraft:golden_apple":1,"minecraft:spruce_sign":3,"minecraft:chainmail_helmet":1,"minecraft:emerald":18,"minecraft:oak_sapling":27,"minecraft:netherrack":28,"minecraft:dark_oak_fence":4,"minecraft:diamond_pickaxe":1,"minecraft:crafting_table":3,"twigs:petrified_lichen":2,"minecraft:chicken":8,"twilightforest:twilight_portal_miniature_structure":3,"friendsandfoes:totem_of_illusion":5,"minecraft:gold_block":1,"minecraft:crimson_trapdoor":1,"betternether:flaming_ruby_sword":1,"minecraft:oak_trapdoor":1,"minecraft:moss_carpet":27,"minecraft:orange_concrete":1,"minecraft:iron_axe":4,"minecraft:blackstone":76,"minecraft:netherite_sword":1,"minecraft:beef":35,"minecraft:player_head":2,"twilightforest:naga_scale":7,"minecraft:observer":1,"minecraft:iron_nugget":26,"minecraft:poppy":11,"minecraft:spruce_slab":2,"minecraft:chest":1,"minecraft:birch_sapling":21,"minecraft:phantom_membrane":5,"betternether:flaming_ruby_helmet":1,"minecraft:raw_iron":81,"minecraft:stone":1,"minecraft:copper_ingot":1,"minecraft:fire_charge":2,"minecraft:redstone":159,"alexsmobs:potted_flutter":1,"minecraft:dark_oak_planks":3,"minecraft:arrow":41,"minecraft:diamond_chestplate":1,"biomesoplenty:eyebulb":1,"minecraft:nether_bricks":61,"mynethersdelight:bullet_pepper":11,"minecraft:diamond_boots":1,"mowziesmobs:ice_crystal":1,"minecraft:warped_sign":2,"minecraft:gold_ingot":71,"minecraft:black_banner":1,"minecraft:oak_chest_boat":1,"biomesoplenty:redwood_sapling":21,"minecraft:glow_berries":4,"minecraft:mutton":1,"minecraft:rail":5,"minecraft:skeleton_skull":2,"minecraft:white_wool":2,"mynethersdelight:strider_egg":16,"minecraft:dark_oak_button":1,"minecraft:golden_carrot":2,"mynethersdelight:strider_slice":4,"minecraft:leather":35,"minecraft:birch_planks":80,"minecraft:oak_log":16,"minecraft:chainmail_chestplate":3,"minecraft:lily_pad":1,"minecraft:yellow_bed":1,"minecraft:nether_wart_block":1,"minecraft:gunpowder":11,"betternether:flaming_ruby_boots":1,"alexsmobs:mosquito_proboscis":3,"minecraft:yellow_stained_glass":1,"minecraft:spore_blossom":2,"betternether:flaming_ruby_chestplate":1,"minecraft:iron_ingot":45,"weaponmaster:tutorialbook":1,"minecraft:glass_bottle":2,"mynethersdelight:strider_rock":10,"minecraft:iron_sword":1,"minecraft:soul_sand":18,"minecraft:book":18,"palegarden:pale_moss_block":4,"minecraft:pumpkin":1,"minecraft:cracked_nether_bricks":8,"minecraft:quartz":21,"minecraft:lime_concrete":1,"minecraft:raw_iron_block":1,"minecraft:gravel":60,"minecraft:crimson_stairs":1,"minecraft:amethyst_shard":4,"minecraft:nether_brick_slab":1,"minecraft:camel_spawn_egg":1,"minecraft:crying_obsidian":9,"minecraft:spider_eye":3,"betternether:flaming_ruby_leggings":1,"betterend:thallasium_anvil":2,"minecraft:chainmail_leggings":1,"betterend:flamaea":8,"minecraft:red_nether_brick_slab":1,"minecraft:red_concrete":1,"minecraft:coal":76,"minecraft:sunflower":2,"minecraft:ender_pearl":2},"minecraft:dropped":{"minecraft:soul_sand":4,"minecraft:birch_planks":99,"minecraft:llama_spawn_egg":1,"minecraft:glass_bottle":3,"minecraft:diamond":66,"minecraft:cooked_porkchop":7,"minecraft:red_nether_brick_slab":1,"minecraft:leather":9,"twilightforest:naga_scale":1,"minecraft:camel_spawn_egg":1,"minecraft:black_banner":1,"minecraft:rail":17,"farmersdelight:rice":12,"friendsandfoes:totem_of_illusion":2,"minecraft:dirt":24,"minecraft:dark_oak_fence":2,"minecraft:sunflower":1,"minecraft:gold_nugget":21,"minecraft:bone_meal":9,"netherexp:sanctum_compass":2,"minecraft:phantom_membrane":2,"aether_redux:vampire_amulet":1,"minecraft:birch_log":2,"minecraft:white_wool":1,"twigs:twig":2,"minecraft:gold_ingot":99,"minecraft:gravel":44,"minecraft:blackstone":76,"minecraft:iron_nugget":27,"minecraft:cobbled_deepslate":166,"minecraft:nether_brick":18,"minecraft:birch_sapling":21,"minecraft:oak_planks":24,"minecraft:rotten_flesh":16,"minecraft:enchanted_golden_apple":1,"minecraft:warped_sign":2,"minecraft:chainmail_chestplate":1,"minecraft:poppy":53,"minecraft:oak_chest_boat":1,"alexsmobs:blood_sac":1,"minecraft:gunpowder":64,"minecraft:skeleton_skull":1,"minecraft:chest":1,"minecraft:spruce_slab":2,"minecraft:glass":6,"minecraft:red_nether_bricks":3,"minecraft:beef":13,"minecraft:arrow":40,"minecraft:powered_rail":1,"minecraft:crying_obsidian":4,"minecraft:cracked_nether_bricks":8,"minecraft:netherrack":15,"minecraft:written_book":4,"alexsmobs:mosquito_proboscis":3,"minecraft:enchanted_book":1,"twilightforest:charm_of_keeping_1":64,"minecraft:wheat_seeds":3,"weaponmaster:tutorialbook":1,"minecraft:cobblestone":38,"minecraft:spectral_arrow":8,"delightful:green_tea_leaf":2,"minecraft:amethyst_block":4,"minecraft:copper_ingot":18,"minecraft:grass_block":1,"minecraft:coal":24,"minecraft:golden_apple":1,"minecraft:stick":41,"biomesoplenty:eyebulb":1,"minecraft:crimson_stairs":1,"mynethersdelight:ghasta":8,"minecraft:nether_wart_block":1,"minecraft:potion":4,"minecraft:iron_leggings":2,"delightful:acorn":5,"minecraft:pumpkin":1,"minecraft:iron_axe":23,"minecraft:string":9,"minecraft:lily_pad":1,"minecraft:bucket":2,"minecraft:moss_carpet":2,"twigs:petrified_lichen":2,"minecraft:oak_trapdoor":1,"minecraft:stone_sword":1,"minecraft:raw_copper":2,"minecraft:raw_iron":4,"minecraft:iron_hoe":1,"minecraft:ender_eye":66,"betternether:cincinnasite":9,"minecraft:nether_bricks":20,"minecraft:diamond_sword":1,"minecraft:shroomlight":1,"minecraft:diamond_pickaxe":1,"minecraft:andesite":4,"minecraft:oak_sapling":6,"alexsmobs:potted_flutter":2,"minecraft:spider_eye":3,"minecraft:bow":2,"minecraft:horse_spawn_egg":1,"minecraft:calcite":6,"minecraft:nether_brick_stairs":3},"minecraft:killed_by":{"minecraft:skeleton":2},"minecraft:killed":{"minecraft:zombified_piglin":17,"minecraft:witch":1,"alexsmobs:anaconda":1,"minecraft:spider":4,"twilightforest:lich_minion":5,"minecraft:skeleton":15,"twilightforest:lich":1,"illagerinvasion:provoker":1,"minecraft:illusioner":4,"minecraft:wolf":1,"minecraft:piglin":6,"minecraft:pig":3,"minecraft:creeper":1,"minecraft:strider":1,"illagerinvasion:alchemist":1,"alexsmobs:crimson_mosquito":1,"minecraft:sheep":1,"alexsmobs:flutter":3,"minecraft:zombie":21,"alexsmobs:fly":2,"minecraft:cow":8,"minecraft:blaze":44,"minecraft:phantom":10,"twilightforest:naga":4,"twilightforest:death_tome":3,"twilightforest:kobold":2,"minecraft:hoglin":2,"minecraft:squid":2,"mca:female_villager":1,"minecraft:wither_skeleton":9,"minecraft:player":15},"minecraft:mined":{"minecraft:dark_oak_planks":3,"minecraft:red_nether_brick_slab":1,"minecraft:spruce_planks":16,"minecraft:red_nether_bricks":9,"biomesoplenty:brimstone":1,"minecraft:obsidian":17,"minecraft:budding_amethyst":2,"minecraft:crimson_trapdoor":1,"minecraft:grass_block":30,"biomesoplenty:eyebulb":2,"betterend:thallasium_anvil":2,"betternether:cincinnasite_ore":3,"minecraft:spawner":10,"minecraft:raw_iron_block":1,"minecraft:glowstone":9,"minecraft:iron_ore":41,"minecraft:fire":76,"minecraft:deepslate_lapis_ore":2,"minecraft:nether_brick_stairs":7,"minecraft:pointed_dripstone":3,"minecraft:small_amethyst_bud":4,"biomesoplenty:webbing":2,"minecraft:deepslate_redstone_ore":29,"minecraft:medium_amethyst_bud":2,"minecraft:soul_fire":2,"minecraft:amethyst_cluster":2,"twilightforest:twilight_portal_miniature_structure":4,"minecraft:torch":26,"minecraft:calcite":2,"minecraft:poppy":1,"minecraft:chest":1,"minecraft:white_stained_glass_pane":1,"minecraft:nether_brick_slab":1,"galosphere:silver_ore":3,"minecraft:nether_quartz_ore":14,"minecraft:cobblestone":7,"minecraft:oak_planks":26,"minecraft:sugar_cane":1,"minecraft:crimson_stairs":1,"minecraft:wall_torch":28,"minecraft:amethyst_block":25,"minecraft:skeleton_skull":2,"minecraft:nether_wart_block":1,"minecraft:birch_log":77,"biomesoplenty:hair":3,"minecraft:jukebox":1,"minecraft:yellow_stained_glass_pane":1,"minecraft:grass":47,"minecraft:oak_log":16,"delightful:mini_melon":1,"minecraft:sand":19,"minecraft:dirt":22,"minecraft:crimson_planks":2,"minecraft:smooth_basalt":1,"minecraft:netherrack":24,"minecraft:oak_leaves":2,"minecraft:deepslate":38,"minecraft:suspicious_gravel":1,"minecraft:nether_gold_ore":28,"minecraft:tuff":8,"minecraft:deepslate_diamond_ore":7,"palegarden:pale_moss_block":4,"minecraft:dark_oak_fence":2,"minecraft:glow_lichen":1,"minecraft:nether_bricks":54,"minecraft:ladder":1,"minecraft:redstone_wire":9,"minecraft:cracked_nether_bricks":4,"minecraft:redstone_ore":1,"minecraft:andesite":5,"minecraft:warped_wall_sign":1,"minecraft:gold_block":2,"minecraft:bookshelf":4,"minecraft:deepslate_iron_ore":37,"minecraft:shroomlight":1,"minecraft:vine":2,"betternether:nether_lapis_ore":7,"minecraft:stone":153,"galosphere:deepslate_silver_ore":5,"minecraft:oak_fence":1,"minecraft:crafting_table":5,"minecraft:emerald_ore":5,"twigs:petrified_lichen":2,"minecraft:copper_ore":4,"minecraft:tall_grass":10,"minecraft:deepslate_gold_ore":13,"minecraft:lapis_ore":5,"minecraft:lily_pad":1,"minecraft:diorite":15,"supplementaries:urn":7,"minecraft:birch_planks":14,"twigs:tangerine_seashell":2,"minecraft:black_wall_banner":1,"minecraft:birch_leaves":6,"minecraft:yellow_bed":1,"minecraft:coal_ore":49,"minecraft:dripstone_block":2,"minecraft:sunflower":6,"minecraft:gravel":7,"minecraft:cracked_stone_bricks":1,"minecraft:stone_bricks":3,"minecraft:mossy_stone_bricks":4,"minecraft:gold_ore":5,"minecraft:fern":3},"minecraft:custom":{"minecraft:interact_with_crafting_table":64,"minecraft:open_barrel":12,"minecraft:bell_ring":6,"minecraft:time_since_death":25960,"minecraft:leave_game":14,"minecraft:damage_resisted":4178,"minecraft:sprint_one_cm":164333,"minecraft:drop":358,"minecraft:talked_to_villager":2,"minecraft:play_time":1810122,"minecraft:deaths":8,"minecraft:jump":4558,"minecraft:walk_on_water_one_cm":118923,"minecraft:interact_with_furnace":14,"minecraft:play_record":2,"minecraft:sleep_in_bed":2,"minecraft:damage_dealt":23476,"minecraft:interact_with_beacon":3,"minecraft:player_kills":15,"minecraft:crouch_one_cm":7651,"minecraft:interact_with_smoker":1,"minecraft:use_cauldron":1,"minecraft:interact_with_smithing_table":3,"minecraft:interact_with_anvil":9,"minecraft:mob_kills":185,"minecraft:climb_one_cm":26654,"minecraft:walk_one_cm":2998638,"minecraft:sneak_time":11327,"minecraft:walk_under_water_one_cm":69902,"minecraft:interact_with_lectern":2,"minecraft:interact_with_blast_furnace":33,"minecraft:total_world_time":1850626,"minecraft:pot_flower":11,"minecraft:interact_with_stonecutter":1,"minecraft:time_since_rest":26004,"minecraft:damage_taken":31456,"minecraft:damage_absorbed":4546,"minecraft:minecart_one_cm":264789,"twilightforest:life_charms_activated":161,"minecraft:swim_one_cm":2872,"minecraft:fly_one_cm":4133319,"minecraft:open_chest":92,"minecraft:fall_one_cm":85352},"minecraft:crafted":{"minecraft:oak_planks":64,"quark:birch_chest":3,"minecraft:blaze_powder":22,"quark:sturdy_stone":2,"quark:deepslate_furnace":1,"minecraft:glass":6,"minecraft:iron_boots":1,"betternether:cincinnasite_ingot":3,"galosphere:silver_ingot":8,"minecraft:ender_eye":2,"minecraft:golden_sword":1,"minecraft:crafting_table":11,"minecraft:iron_helmet":1,"minecraft:birch_planks":296,"minecraft:iron_chestplate":1,"minecraft:diamond_pickaxe":1,"minecraft:stick":18,"minecraft:iron_ingot":90,"minecraft:iron_pickaxe":3,"minecraft:iron_block":1,"minecraft:gold_ingot":45,"minecraft:furnace":2,"minecraft:bone_meal":27,"minecraft:flint_and_steel":1,"backpacked:backpack":1,"minecraft:diamond_sword":2,"minecraft:amethyst_block":1,"minecraft:cobblestone":9,"minecraft:iron_leggings":1,"minecraft:torch":8}},"DataVersion":3465}